<?xml version="1.0" encoding="UTF-8"?>
<keywords>
   <keywords>
      <text FeatureID="-1">edit frequency presets</text>
      <target FeatureID="-1" href="EQ_HLP_EDITING_VIEW.html">Edit frequency presets</target>
   </keywords>
   <keywords>
      <text FeatureID="-1">equaliser</text>
      <target FeatureID="-1" href="EQ_HLP_LIST_VIEW.html">Frequency presets</target>
   </keywords>
   <keywords>
      <text FeatureID="-1">frequency bands</text>
      <target FeatureID="-1" href="EQ_HLP_LIST_VIEW.html">Frequency presets</target>
   </keywords>
   <keywords>
      <text FeatureID="-1">select frequency presets</text>
      <target FeatureID="-1" href="EQ_HLP_LIST_VIEW.html">Frequency presets</target>
   </keywords>
</keywords>